lp__,accept_stat__,stepsize__,treedepth__,n_leapfrog__,divergent__,energy__,theta,i,chain
-7.12341,0.889274,0.878806,1,3,0,9.17178,0.285829,0,0
-7.97157,0.675136,0.878806,1,3,0,9.02412,0.099462,1,0
-7.09404,0.987644,0.878806,1,3,0,7.98237,0.188678,2,0
-7.0967,0.999454,0.878806,1,1,0,7.11144,0.187943,3,0
-7.4979,0.939435,0.878806,1,3,0,7.52801,0.131343,4,0
-7.83869,0.944975,0.878806,2,3,0,8.29524,0.106868,5,0
-7.42735,0.894073,0.878806,1,3,0,9.09457,0.345534,6,0
-7.03009,1.0,0.878806,1,3,0,7.36203,0.245224,7,0
-7.42108,0.889046,0.878806,1,3,0,7.67077,0.138538,8,0
-9.58664,0.777123,0.878806,1,3,0,10.1158,0.048288,9,0
-7.41742,0.946529,0.878806,1,3,0,9.79653,0.138903,10,0
-9.71349,0.786604,0.878806,2,3,0,9.88367,0.0459046,11,0
-7.36744,0.948,0.878806,2,7,0,9.25057,0.336126,12,0
-8.32574,0.892013,0.878806,2,3,0,8.34202,0.445782,13,0
-7.21153,1.0,0.878806,2,3,0,8.139,0.16454,14,0
-7.08278,0.969801,0.878806,2,7,0,7.42351,0.27287,15,0
-7.04927,0.987957,0.878806,1,3,0,7.16326,0.204564,16,0
-7.72007,0.851336,0.878806,1,3,0,7.99056,0.384432,17,0
-8.23735,0.845268,0.878806,1,1,0,8.37424,0.437836,18,0
-7.6624,0.515737,0.878806,2,3,0,11.7269,0.377467,19,0
-7.16558,1.0,0.878806,2,3,0,7.54781,0.172492,20,0
-7.10521,0.963084,0.878806,2,3,0,7.50574,0.280399,21,0
-7.11065,0.998519,0.878806,1,1,0,7.13101,0.282076,22,0
-7.02381,0.999833,0.878806,1,3,0,7.10133,0.236421,23,0
-7.27959,0.943208,0.878806,1,3,0,7.31869,0.320872,24,0
-7.27959,0.600683,0.878806,1,3,0,9.16758,0.320872,25,0
-7.98545,0.922137,0.878806,2,3,0,7.99562,0.413534,26,0
-7.82341,1.0,0.878806,1,1,0,8.14639,0.396287,27,0
-7.35866,0.811171,0.878806,1,3,0,8.87762,0.145105,28,0
-7.02279,0.836245,0.878806,2,3,0,9.77327,0.22882,29,0
-8.91798,0.571235,0.878806,1,3,0,10.1798,0.0637254,30,0
-7.02347,0.966057,0.878806,1,3,0,9.62909,0.226075,31,0
-7.02307,1.0,0.878806,2,3,0,7.02341,0.227405,32,0
-8.85347,0.671266,0.878806,1,3,0,9.13498,0.488511,33,0
-7.60847,1.0,0.878806,1,1,0,8.50125,0.370688,34,0
-7.0335,1.0,0.878806,1,3,0,7.50601,0.248271,35,0
-7.66827,0.833983,0.878806,2,3,0,8.1927,0.378189,36,0
-7.62473,1.0,0.878806,2,7,0,7.63106,0.121065,37,0
-7.41609,1.0,0.878806,1,1,0,7.61513,0.139036,38,0
-7.41609,0.788296,0.878806,1,3,0,9.56886,0.139036,39,0
-7.27506,1.0,0.878806,1,1,0,7.40876,0.155282,40,0
-7.78657,0.869523,0.878806,1,3,0,8.59981,0.392146,41,0
-7.76955,1.0,0.878806,1,1,0,8.00056,0.390203,42,0
-7.50575,1.0,0.878806,1,1,0,7.78611,0.356943,43,0
-7.16566,1.0,0.878806,1,1,0,7.41171,0.296905,44,0
-7.16709,0.999599,0.878806,1,1,0,7.20506,0.297251,45,0
-7.10503,1.0,0.878806,1,1,0,7.16125,0.280342,46,0
-7.50214,0.807441,0.878806,2,3,0,8.27788,0.356436,47,0
-7.27975,1.0,0.878806,1,1,0,7.47428,0.3209,48,0
-7.16154,0.930365,0.878806,1,3,0,7.68436,0.17326,49,0
-7.04581,0.996128,0.878806,2,3,0,7.19957,0.206277,50,0
-7.57373,0.878087,0.878806,1,3,0,7.80126,0.366171,51,0
-7.92178,0.895074,0.878806,1,1,0,8.03213,0.406931,52,0
-8.61193,0.932017,0.878806,2,3,0,8.79354,0.469846,53,0
-7.65324,1.0,0.878806,2,7,0,8.40838,0.118974,54,0
-7.1949,0.873771,0.878806,2,3,0,9.12624,0.303702,55,0
-8.06834,0.768307,0.878806,1,1,0,8.06834,0.421831,56,0
-7.04046,1.0,0.878806,1,3,0,7.86486,0.253303,57,0
-7.32783,0.908547,0.878806,1,3,0,7.5647,0.148647,58,0
-7.59662,0.951586,0.878806,2,3,0,7.94337,0.123198,59,0
-7.37208,1.0,0.878806,2,3,0,7.57662,0.143629,60,0
-7.07223,0.892697,0.878806,2,3,0,8.70205,0.268875,61,0
-7.13811,0.956331,0.878806,2,7,0,7.31938,0.17799,62,0
-7.12944,0.988379,0.878806,2,3,0,7.28966,0.17988,63,0
-7.10027,0.977554,0.878806,1,3,0,7.33124,0.278832,64,0
-7.67577,0.775555,0.878806,1,3,0,8.37641,0.11737,65,0
-8.01595,0.956554,0.878806,1,1,0,8.0425,0.0971772,66,0
-7.67794,1.0,0.878806,1,1,0,7.99893,0.117218,67,0
-7.61659,0.875941,0.878806,1,3,0,9.11603,0.371727,68,0
-7.99769,0.885041,0.878806,1,1,0,8.11741,0.414779,69,0
-7.0242,0.999988,0.878806,1,3,0,7.95681,0.224317,70,0
-7.02691,0.999369,0.878806,1,1,0,7.02693,0.220109,71,0
-7.02396,0.946925,0.878806,2,3,0,7.40914,0.224833,72,0
-7.37614,0.91842,0.878806,1,3,0,7.49625,0.14319,73,0
-7.51215,0.992846,0.878806,2,3,0,7.54306,0.130098,74,0
-7.66685,0.977533,0.878806,1,1,0,7.71146,0.118,75,0
-7.05485,0.953627,0.878806,1,3,0,8.01085,0.26128,76,0
-7.02429,0.998235,0.878806,1,3,0,7.06539,0.224131,77,0
-7.09609,0.984313,0.878806,1,3,0,7.10958,0.188109,78,0
-7.04033,0.982999,0.878806,2,3,0,7.23987,0.253213,79,0
-7.03179,1.0,0.878806,1,1,0,7.03901,0.246814,80,0
-7.83426,0.782574,0.878806,1,3,0,8.37887,0.107131,81,0
-8.53355,0.9221,0.878806,1,1,0,8.53497,0.075581,82,0
-8.97723,0.962044,0.878806,1,1,0,9.04886,0.0621245,83,0
-9.46668,0.965184,0.878806,1,1,0,9.55418,0.0506817,84,0
-10.4601,0.94146,0.878806,2,7,0,11.1415,0.587983,85,0
-9.05876,1.0,0.878806,2,7,0,10.5171,0.0600056,86,0
-8.43606,1.0,0.878806,1,1,0,9.03568,0.0790669,87,0
-9.1007,0.980959,0.878806,2,3,0,9.12696,0.0589521,88,0
-7.2593,0.96485,0.878806,1,3,0,9.26855,0.157431,89,0
-9.35592,0.673652,0.878806,1,3,0,10.5229,0.523591,90,0
-7.40704,1.0,0.878806,1,1,0,8.73161,0.342421,91,0
-7.37574,1.0,0.878806,1,1,0,7.49127,0.337471,92,0
-8.78954,0.637874,0.878806,1,1,0,8.79576,0.4837,93,0
-7.69208,1.0,0.878806,1,1,0,8.51253,0.381086,94,0
-7.27356,1.0,0.878806,1,1,0,7.58699,0.319743,95,0
-7.26749,1.0,0.878806,1,1,0,7.33805,0.318595,96,0
-7.26749,0.590609,0.878806,1,3,0,9.67031,0.318595,97,0
-7.23653,1.0,0.878806,2,3,0,7.31091,0.312529,98,0
-7.1913,1.0,0.878806,1,1,0,7.2605,0.302895,99,0
-7.28944,0.972049,0.878806,1,1,0,7.31859,0.322688,100,0
-7.34038,0.985019,0.878806,1,1,0,7.40476,0.331637,101,0
-7.04338,1.0,0.878806,1,3,0,7.27309,0.255119,102,0
-8.5525,0.607704,0.878806,2,7,0,9.81348,0.0749286,103,0
-8.10238,1.0,0.878806,1,1,0,8.54625,0.0929629,104,0
-7.02944,1.0,0.878806,2,3,0,7.88036,0.244569,105,0
-7.65366,0.905415,0.878806,2,3,0,7.66709,0.118943,106,0
-7.70899,0.992329,0.878806,1,1,0,7.79969,0.115078,107,0
-8.24796,0.934674,0.878806,1,1,0,8.25406,0.0864828,108,0
-7.8663,1.0,0.878806,2,3,0,8.2383,0.105254,109,0
-7.8663,0.811615,0.878806,1,3,0,9.62239,0.105254,110,0
-7.93493,0.99147,0.878806,1,1,0,8.04862,0.101415,111,0
-7.7376,0.867785,0.878806,2,3,0,10.0205,0.113171,112,0
-7.57115,1.0,0.878806,1,1,0,7.76324,0.125198,113,0
-7.41262,1.0,0.878806,1,1,0,7.57765,0.139386,114,0
-7.35805,1.0,0.878806,1,1,0,7.45127,0.145173,115,0
-7.77696,0.937183,0.878806,1,1,0,7.77714,0.11064,116,0
-7.18694,0.983148,0.878806,1,3,0,7.70661,0.168631,117,0
-7.10347,0.972013,0.878806,1,3,0,7.42728,0.279851,118,0
-7.02277,0.99921,0.878806,1,3,0,7.10696,0.228962,119,0
-7.45409,0.895939,0.878806,1,3,0,7.63148,0.13534,120,0
-8.99157,0.903705,0.878806,2,3,0,9.01323,0.498615,121,0
-7.42513,0.79376,0.878806,1,3,0,10.4222,0.138136,122,0
-7.7822,0.865017,0.878806,1,3,0,8.88804,0.391649,123,0
-8.41948,0.937229,0.878806,2,3,0,8.56344,0.453927,124,0
-8.7853,0.961538,0.878806,2,3,0,9.16642,0.483378,125,0
-7.71613,1.0,0.878806,1,1,0,8.52522,0.383965,126,0
-8.4763,0.780192,0.878806,1,1,0,8.58973,0.458734,127,0
-7.50554,0.731115,0.878806,1,3,0,10.0782,0.130672,128,0
-10.1635,0.764254,0.878806,2,3,0,10.3173,0.0385054,129,0
-10.0751,1.0,0.878806,1,1,0,10.4397,0.0398409,130,0
-7.34252,1.0,0.878806,2,3,0,9.79703,0.146931,131,0
-9.02173,0.734387,0.878806,1,3,0,10.3142,0.500772,132,0
-7.67708,1.0,0.878806,1,1,0,8.6452,0.379266,133,0
-7.46506,1.0,0.878806,1,1,0,7.70461,0.351135,134,0
-8.09,0.618346,0.878806,2,3,0,10.3901,0.0935487,135,0
-7.6236,1.0,0.878806,2,3,0,8.03614,0.121149,136,0
-7.31178,1.0,0.878806,1,1,0,7.57553,0.150582,137,0
-7.05565,0.996027,0.878806,1,3,0,7.2815,0.20169,138,0
-7.06464,0.925868,0.878806,2,3,0,7.59999,0.198109,139,0
-7.20163,0.979363,0.878806,1,3,0,7.20366,0.166147,140,0
-7.24381,0.992277,0.878806,1,1,0,7.26876,0.159631,141,0
-7.24104,1.0,0.878806,1,1,0,7.28622,0.160036,142,0
-7.15709,1.0,0.878806,1,1,0,7.23484,0.17412,143,0
-7.12147,0.726082,0.878806,2,3,0,10.3111,0.181696,144,0
-7.07318,0.965433,0.878806,2,3,0,7.45275,0.269248,145,0
-7.08802,0.996053,0.878806,1,1,0,7.09794,0.274731,146,0
-7.18159,0.895193,0.878806,2,3,0,7.74846,0.169569,147,0
-9.24658,0.692738,0.878806,1,3,0,9.96986,0.0554663,148,0
-8.33714,1.0,0.878806,2,3,0,9.16647,0.0828451,149,0
-7.69707,1.0,0.878806,1,1,0,8.25797,0.115891,150,0
-7.54293,1.0,0.878806,1,1,0,7.72343,0.127493,151,0
-7.36938,1.0,0.878806,1,1,0,7.53828,0.143923,152,0
-7.36938,0.972251,0.878806,1,1,0,7.54068,0.143923,153,0
-7.0463,1.0,0.878806,2,3,0,7.29536,0.256817,154,0
-7.062,0.966047,0.878806,2,3,0,7.26328,0.199116,155,0
-8.24886,0.845745,0.878806,2,3,0,8.33498,0.086445,156,0
-7.60747,1.0,0.878806,1,1,0,8.16478,0.122367,157,0
-7.17812,0.988089,0.878806,1,3,0,7.54194,0.170187,158,0
-7.10474,1.0,0.878806,1,1,0,7.16741,0.185803,159,0
-7.0839,0.980375,0.878806,2,3,0,7.28294,0.273274,160,0
-8.04273,0.844317,0.878806,2,7,0,8.04278,0.0958391,161,0
-7.02603,0.954349,0.878806,1,3,0,8.4028,0.240458,162,0
-7.03584,0.988188,0.878806,2,3,0,7.09797,0.212167,163,0
-8.13114,0.780641,0.878806,1,3,0,8.42167,0.427912,164,0
-7.03411,0.891159,0.878806,2,3,0,8.8805,0.248764,165,0
-7.36649,0.950755,0.878806,2,3,0,7.37267,0.14424,166,0
-7.36511,1.0,0.878806,1,1,0,7.4311,0.144391,167,0
-7.36511,0.804189,0.878806,1,3,0,9.23214,0.144391,168,0
-7.0518,0.997604,0.878806,2,3,0,7.38554,0.203387,169,0
-7.03448,0.968877,0.878806,2,3,0,7.29508,0.249063,170,0
-7.25365,0.954594,0.878806,1,3,0,7.26615,0.31593,171,0
-7.81435,0.684971,0.878806,2,7,0,9.03493,0.108328,172,0
-7.0227,0.979341,0.878806,1,3,0,8.00198,0.229695,173,0
-7.03955,0.995982,0.878806,1,3,0,7.04386,0.209763,174,0
-7.02643,0.964157,0.878806,2,3,0,7.30513,0.241032,175,0
-7.73997,0.834531,0.878806,2,3,0,8.23704,0.386775,176,0
-7.73997,0.515937,0.878806,1,1,0,9.12901,0.386775,177,0
-7.05289,1.0,0.878806,1,3,0,7.58342,0.260312,178,0
-7.05324,0.989527,0.878806,2,3,0,7.13044,0.260485,179,0
-8.18797,0.68653,0.878806,2,7,0,9.16562,0.0890665,180,0
-9.42587,0.910597,0.878806,2,7,0,9.54877,0.528137,181,0
-8.27545,1.0,0.878806,2,7,0,9.30602,0.0853367,182,0
-8.99531,0.934342,0.878806,1,1,0,9.00854,0.0616462,183,0
-7.14657,0.912394,0.878806,1,3,0,10.522,0.292118,184,0
-7.0339,0.988441,0.878806,2,3,0,7.22372,0.248595,185,0
-7.41799,0.900188,0.878806,2,3,0,7.72506,0.344107,186,0
-7.48624,0.979338,0.878806,1,1,0,7.58634,0.354187,187,0
-7.3219,1.0,0.878806,1,1,0,7.49391,0.328471,188,0
-7.2222,1.0,0.878806,1,1,0,7.33024,0.309587,189,0
-7.32147,0.971425,0.878806,1,1,0,7.35899,0.328397,190,0
-7.32147,0.693817,0.878806,1,3,0,9.08052,0.328397,191,0
-7.1671,1.0,0.878806,1,1,0,7.2938,0.297254,192,0
-10.0955,0.208983,0.878806,2,3,0,13.7769,0.568298,193,0
-8.36405,1.0,0.878806,1,1,0,9.73833,0.449144,194,0
-7.14026,1.0,0.878806,2,3,0,8.26029,0.177534,195,0
-7.03238,0.998068,0.878806,2,3,0,7.15651,0.214743,196,0
-7.27222,0.939534,0.878806,1,3,0,7.38195,0.319491,197,0
-7.19234,0.916021,0.878806,1,3,0,7.74393,0.167703,198,0
-7.94871,0.899268,0.878806,1,3,0,8.01674,0.100673,199,0
-7.24378,0.977502,0.878806,1,3,0,7.87008,0.159636,200,0
-7.02526,1.0,0.878806,2,3,0,7.22934,0.222413,201,0
-7.04463,0.996144,0.878806,2,3,0,7.05593,0.206893,202,0
-7.27661,0.957649,0.878806,1,3,0,7.30296,0.155075,203,0
-9.6976,0.685626,0.878806,1,3,0,10.5395,0.0461951,204,0
-9.9111,0.987875,0.878806,1,1,0,10.123,0.0424659,205,0
-9.21073,1.0,0.878806,1,1,0,9.91951,0.0562982,206,0
-8.24371,1.0,0.878806,1,1,0,9.12004,0.086662,207,0
-7.15172,0.927323,0.878806,1,3,0,9.21519,0.29344,208,0
-7.64782,0.763836,0.878806,1,3,0,8.45875,0.119366,209,0
-7.07132,0.948119,0.878806,1,3,0,8.03723,0.268509,210,0
-7.02274,1.0,0.878806,2,3,0,7.07035,0.229203,211,0
-7.06473,0.989957,0.878806,1,3,0,7.07621,0.198074,212,0
-7.05525,0.836907,0.878806,2,3,0,8.56538,0.201861,213,0
-7.07271,0.99626,0.878806,1,1,0,7.07624,0.195231,214,0
-7.20872,0.986593,0.878806,2,7,0,7.20879,0.30673,215,0
-7.20872,0.880611,0.878806,1,1,0,7.51681,0.30673,216,0
-7.64043,0.74927,0.878806,1,3,0,8.5736,0.119904,217,0
-7.08044,0.995398,0.878806,2,7,0,7.50884,0.272013,218,0
-7.02268,0.999606,0.878806,1,3,0,7.07957,0.231597,219,0
-7.49857,0.929953,0.878806,2,3,0,7.52728,0.131284,220,0
-7.60322,0.98447,0.878806,1,1,0,7.65824,0.122691,221,0
-7.41014,1.0,0.878806,1,1,0,7.59777,0.139636,222,0
-7.47024,0.990486,0.878806,1,1,0,7.52443,0.133835,223,0
-7.02815,0.930259,0.878806,2,3,0,8.18583,0.218674,224,0
-7.15384,0.974147,0.878806,1,3,0,7.17363,0.174758,225,0
-7.27189,0.85497,0.878806,2,3,0,8.39695,0.155708,226,0
-7.3493,0.924598,0.878806,1,3,0,7.97635,0.333136,227,0
-8.19649,0.906264,0.878806,2,3,0,8.2135,0.434069,228,0
-8.19649,0.328573,0.878806,1,1,0,10.5162,0.434069,229,0
-9.72573,0.599255,0.878806,1,1,0,9.9169,0.54683,230,0
-7.14814,1.0,0.878806,2,7,0,8.99583,0.292522,231,0
-7.29262,0.959598,0.878806,1,1,0,7.30586,0.323268,232,0
-7.7353,0.957869,0.878806,2,3,0,7.76,0.386228,233,0
-7.21762,1.0,0.878806,1,1,0,7.58671,0.308626,234,0
-7.28262,0.88193,0.878806,1,3,0,7.85535,0.154281,235,0
-7.15785,0.954782,0.878806,1,3,0,7.67909,0.294985,236,0
-7.15785,0.917141,0.878806,1,1,0,7.37495,0.294985,237,0
-7.6905,0.778492,0.878806,1,3,0,8.55853,0.116343,238,0
-7.14125,0.924178,0.878806,2,7,0,8.28664,0.290724,239,0
-7.0227,0.998991,0.878806,1,3,0,7.1429,0.22959,240,0
-7.03291,0.976295,0.878806,2,3,0,7.16877,0.214321,241,0
-9.00506,0.651217,0.878806,2,3,0,10.0989,0.499581,242,0
-7.90837,1.0,0.878806,1,1,0,8.78329,0.405513,243,0
-7.02921,0.984107,0.878806,2,3,0,8.06163,0.217573,244,0
-7.46028,0.940542,0.878806,2,3,0,7.56805,0.350437,245,0
-7.46028,0.701863,0.878806,1,1,0,8.23961,0.350437,246,0
-7.46778,0.997703,0.878806,1,1,0,7.59167,0.35153,247,0
-7.03289,1.0,0.878806,2,3,0,7.46155,0.214336,248,0
-8.16975,0.774141,0.878806,1,3,0,8.45106,0.43157,249,0
-7.0606,1.0,0.878806,1,3,0,7.91094,0.26397,250,0
-7.17626,0.94054,0.878806,2,3,0,7.4069,0.170522,251,0
-7.19973,0.995581,0.878806,1,1,0,7.22482,0.166461,252,0
-8.53009,0.819265,0.878806,1,3,0,8.80094,0.0757011,253,0
-7.3751,0.958592,0.878806,1,3,0,8.4635,0.143302,254,0
-7.3751,0.879208,0.878806,1,3,0,8.25289,0.143302,255,0
-7.33862,1.0,0.878806,1,1,0,7.41858,0.147382,256,0
-7.09411,0.995048,0.878806,1,3,0,7.29692,0.188659,257,0
-7.43495,0.949555,0.878806,1,3,0,7.45478,0.137173,258,0
-7.26206,1.0,0.878806,1,1,0,7.416,0.157049,259,0
-7.12783,1.0,0.878806,2,3,0,7.23769,0.180242,260,0
-7.21237,0.983795,0.878806,1,1,0,7.21788,0.164407,261,0
-7.028,0.998631,0.878806,1,3,0,7.20732,0.218838,262,0
-7.02598,1.0,0.878806,1,1,0,7.02791,0.22133,263,0
-7.60798,0.910279,0.878806,2,3,0,7.81114,0.370626,264,0
-7.50765,1.0,0.878806,1,1,0,7.69926,0.357207,265,0
-7.92027,0.877537,0.878806,1,1,0,8.00425,0.406772,266,0
-7.69118,1.0,0.878806,2,3,0,8.00827,0.380978,267,0
-7.51395,1.0,0.878806,1,1,0,7.74881,0.358085,268,0
-7.51395,0.963872,0.878806,1,1,0,7.71679,0.358085,269,0
-7.06501,1.0,0.878806,1,3,0,7.39948,0.265901,270,0
-7.53585,0.829604,0.878806,2,3,0,8.15257,0.361096,271,0
-7.07529,0.958997,0.878806,1,3,0,7.76003,0.194367,272,0
-7.03735,0.95359,0.878806,2,3,0,7.46375,0.251199,273,0
-7.0412,0.984652,0.878806,2,3,0,7.13871,0.208789,274,0
-9.96704,0.627555,0.878806,2,3,0,9.9708,0.0415486,275,0
-7.70117,0.920423,0.878806,1,3,0,10.1138,0.11561,276,0
-7.20223,0.910923,0.878806,2,7,0,8.43779,0.305321,277,0
-7.07016,1.0,0.878806,1,1,0,7.16672,0.268045,278,0
-7.04211,1.0,0.878806,1,1,0,7.06394,0.254344,279,0
-7.90442,0.865797,0.878806,2,3,0,7.90981,0.103092,280,0
-7.3417,0.987587,0.878806,2,3,0,8.1423,0.147026,281,0
-7.21493,1.0,0.878806,1,1,0,7.33028,0.164,282,0
-8.95231,0.762668,0.878806,1,3,0,9.41918,0.0627914,283,0
-8.83212,1.0,0.878806,1,1,0,9.13253,0.0661432,284,0
-7.43047,0.949816,0.878806,1,3,0,8.79442,0.137611,285,0
-7.17603,0.911369,0.878806,2,3,0,8.32079,0.299382,286,0
-7.45268,0.922368,0.878806,1,1,0,7.46268,0.34932,287,0
-7.51862,0.979902,0.878806,1,1,0,7.62975,0.358733,288,0
-7.6807,0.950487,0.878806,1,1,0,7.79743,0.379707,289,0
-7.44511,1.0,0.878806,1,1,0,7.69212,0.3482,290,0
-8.45447,0.449306,0.878806,1,3,0,10.9124,0.0783914,291,0
-7.29489,0.848079,0.878806,2,7,0,9.92873,0.323679,292,0
-7.09909,1.0,0.878806,1,1,0,7.24161,0.278451,293,0
-7.03473,1.0,0.878806,1,3,0,7.0831,0.249252,294,0
-7.24341,0.956902,0.878806,1,3,0,7.25472,0.313909,295,0
-7.02318,0.999467,0.878806,2,3,0,7.25513,0.226981,296,0
-7.02287,0.993873,0.878806,2,3,0,7.06191,0.228371,297,0
-7.32774,0.930213,0.878806,1,3,0,7.39794,0.329481,298,0
-7.03323,0.98765,0.878806,1,3,0,7.39177,0.214072,299,0
-7.28112,0.949895,0.878806,1,3,0,7.32649,0.154479,300,0
-7.1405,0.951039,0.878806,2,7,0,7.64437,0.290525,301,0
-7.02373,0.996348,0.878806,2,3,0,7.16505,0.236222,302,0
-7.05719,0.992772,0.878806,1,3,0,7.06082,0.2624,303,0
-7.02269,0.999634,0.878806,1,3,0,7.05904,0.229719,304,0
-7.05514,0.992169,0.878806,1,3,0,7.06423,0.201909,305,0
-7.02571,0.997844,0.878806,1,3,0,7.07248,0.239992,306,0
-7.0399,0.95135,0.878806,2,3,0,7.33985,0.209552,307,0
-7.10892,0.788917,0.878806,2,3,0,8.80528,0.184734,308,0
-7.02495,0.945451,0.878806,2,3,0,7.52576,0.222921,309,0
-7.0411,0.994831,0.878806,1,3,0,7.05518,0.253708,310,0
-7.25711,0.928364,0.878806,1,3,0,7.44979,0.157736,311,0
-7.52948,0.985039,0.878806,2,3,0,7.53114,0.128617,312,0
-7.04262,0.960544,0.878806,2,3,0,7.98254,0.254658,313,0
-7.187,0.948424,0.878806,1,3,0,7.33837,0.16862,314,0
-7.6109,0.94098,0.878806,1,3,0,7.61953,0.122105,315,0
-7.44373,1.0,0.878806,2,3,0,7.61875,0.136325,316,0
-7.22109,0.939871,0.878806,1,3,0,8.0553,0.309356,317,0
-7.10859,1.0,0.878806,1,1,0,7.19699,0.281448,318,0
-7.12706,0.994956,0.878806,1,1,0,7.14575,0.286861,319,0
-7.6388,0.604063,0.878806,2,3,0,9.91628,0.120024,320,0
-8.40295,0.917262,0.878806,2,3,0,8.87846,0.080303,321,0
-8.62034,0.979481,0.878806,1,1,0,8.74196,0.0726569,322,0
-7.07859,0.997977,0.878806,1,3,0,8.87118,0.193293,323,0
-7.05994,0.98002,0.878806,2,3,0,7.26622,0.263668,324,0
-7.13634,0.979788,0.878806,1,1,0,7.13737,0.289413,325,0
-7.37257,0.93459,0.878806,1,1,0,7.3776,0.336959,326,0
-7.37257,0.74324,0.878806,1,1,0,8.03511,0.336959,327,0
-7.10851,1.0,0.878806,1,1,0,7.29867,0.281421,328,0
-7.11169,0.999133,0.878806,1,1,0,7.13343,0.282391,329,0
-7.08972,1.0,0.878806,1,1,0,7.11876,0.275321,330,0
-7.2229,0.926758,0.878806,1,3,0,7.50903,0.162757,331,0
-7.20843,1.0,0.878806,1,1,0,7.25369,0.165038,332,0
-7.03529,0.99028,0.878806,2,3,0,7.30187,0.249686,333,0
-7.05309,0.956599,0.878806,2,3,0,7.30957,0.202805,334,0
-7.03362,0.965799,0.878806,2,3,0,7.3209,0.248371,335,0
-7.20208,0.904559,0.878806,2,3,0,7.58979,0.166072,336,0
-7.16103,1.0,0.878806,1,1,0,7.2124,0.173358,337,0
-7.78665,0.854102,0.878806,1,3,0,8.35982,0.392155,338,0
-7.37831,1.0,0.878806,1,1,0,7.70833,0.337885,339,0
-7.23853,1.0,0.878806,2,3,0,7.37394,0.312932,340,0
-7.92406,0.81187,0.878806,1,1,0,7.92904,0.407171,341,0
-7.04324,0.984615,0.878806,1,3,0,8.02352,0.20764,342,0
-7.03126,0.972428,0.878806,2,3,0,7.25147,0.246334,343,0
-7.15093,0.983602,0.878806,2,3,0,7.15277,0.17534,344,0
-7.15237,0.999719,0.878806,1,1,0,7.17882,0.175051,345,0
-7.04867,0.931857,0.878806,2,3,0,7.83635,0.258118,346,0
-8.05998,0.801513,0.878806,1,3,0,8.12099,0.421008,347,0
-7.9518,1.0,0.878806,1,1,0,8.28811,0.410071,348,0
-7.98469,0.989333,0.878806,1,1,0,8.26042,0.413456,349,0
-7.07234,0.832133,0.878806,2,3,0,8.97501,0.268918,350,0
-7.83858,0.761094,0.878806,2,7,0,8.59048,0.106875,351,0
-7.25183,0.980979,0.878806,1,3,0,7.75885,0.158481,352,0
-7.50608,0.957784,0.878806,1,1,0,7.50839,0.130625,353,0
-7.06224,1.0,0.878806,2,3,0,7.40239,0.2647,354,0
-7.06224,0.637434,0.878806,1,3,0,9.07452,0.2647,355,0
-7.02267,0.999717,0.878806,1,3,0,7.06203,0.231344,356,0
-7.02273,0.999614,0.878806,2,3,0,7.02508,0.229295,357,0
-7.21962,0.952058,0.878806,1,3,0,7.28916,0.163266,358,0
-7.11825,1.0,0.878806,2,3,0,7.20264,0.182454,359,0
-7.1612,0.99156,0.878806,1,1,0,7.17147,0.173324,360,0
-10.6286,0.466108,0.878806,1,3,0,12.6806,0.0322728,361,0
-7.40278,0.933693,0.878806,2,7,0,10.0381,0.341757,362,0
-8.46633,0.87951,0.878806,2,3,0,8.48518,0.457898,363,0
-7.27736,0.854054,0.878806,1,3,0,9.39033,0.154976,364,0
-8.07865,0.895622,0.878806,1,3,0,8.12718,0.0940906,365,0
-7.53545,1.0,0.878806,2,3,0,8.00447,0.128116,366,0
-7.09505,0.990991,0.878806,1,3,0,7.48904,0.188397,367,0
-8.17892,0.782468,0.878806,1,3,0,8.68171,0.43243,368,0
-7.02473,1.0,0.878806,1,3,0,8.12417,0.223306,369,0
-7.31517,0.933983,0.878806,1,3,0,7.40298,0.150167,370,0
-7.24798,1.0,0.878806,1,1,0,7.3302,0.15903,371,0
-7.3666,0.979557,0.878806,1,1,0,7.38338,0.144227,372,0
-7.03513,0.980414,0.878806,1,3,0,7.51272,0.249566,373,0
-7.0377,0.987179,0.878806,2,3,0,7.12024,0.210926,374,0
-7.03399,0.996814,0.878806,1,3,0,7.06702,0.248673,375,0
-7.04954,0.959473,0.878806,2,3,0,7.29025,0.204436,376,0
-7.04954,0.650169,0.878806,1,3,0,9.10765,0.204436,377,0
-7.0922,0.990893,0.878806,1,1,0,7.09249,0.189199,378,0
-7.14141,0.970865,0.878806,1,3,0,7.33644,0.290768,379,0
-7.63471,0.866072,0.878806,1,1,0,7.63481,0.37402,380,0
-8.02246,0.882917,0.878806,1,1,0,8.14698,0.417278,381,0
-7.10363,1.0,0.878806,2,7,0,7.77041,0.279904,382,0
-7.02651,0.995316,0.878806,2,3,0,7.13494,0.241138,383,0
-7.07703,0.955182,0.878806,2,3,0,7.29145,0.193796,384,0
-7.58949,0.931272,0.878806,2,3,0,7.71269,0.123752,385,0
-7.43774,0.899561,0.878806,1,3,0,8.67445,0.3471,386,0
-7.61919,0.981788,0.878806,2,3,0,7.70853,0.372058,387,0
-7.21786,1.0,0.878806,1,1,0,7.51085,0.308677,388,0
-7.89855,0.661578,0.878806,1,3,0,9.13097,0.10342,389,0
-8.1781,0.96751,0.878806,1,1,0,8.23677,0.0895029,390,0
-7.92134,0.84479,0.878806,1,3,0,10.5243,0.406885,391,0
-7.88984,1.0,0.878806,1,1,0,8.16691,0.403537,392,0
-7.11391,1.0,0.878806,2,3,0,7.77871,0.183499,393,0
-7.11391,0.741013,0.878806,1,3,0,8.87042,0.183499,394,0
-7.22988,0.973823,0.878806,2,3,0,7.38048,0.161693,395,0
-7.31988,0.852858,0.878806,2,3,0,8.62434,0.149597,396,0
-7.32592,0.999656,0.878806,2,3,0,7.38163,0.148873,397,0
-7.68579,0.944344,0.878806,1,1,0,7.68663,0.116669,398,0
-7.40495,1.0,0.878806,1,1,0,7.65418,0.140165,399,0
-7.42584,0.996638,0.878806,1,1,0,7.49086,0.138066,400,0
-7.70469,0.958762,0.878806,1,1,0,7.71804,0.11537,401,0
-7.67413,1.0,0.878806,1,1,0,7.80209,0.117485,402,0
-9.36055,0.868586,0.878806,2,3,0,9.70037,0.0529219,403,0
-8.71088,1.0,0.878806,1,1,0,9.35032,0.0697702,404,0
-8.74078,0.997407,0.878806,1,1,0,8.95549,0.0688515,405,0
-7.08526,0.930131,0.878806,1,3,0,9.8482,0.27376,406,0
-7.25954,0.908733,0.878806,2,3,0,7.64532,0.317073,407,0
-7.25954,0.751057,0.878806,1,1,0,7.90565,0.317073,408,0
-7.42706,0.951395,0.878806,1,1,0,7.46643,0.345491,409,0
-7.0358,1.0,0.878806,1,3,0,7.3513,0.250071,410,0
-7.11574,0.973778,0.878806,2,3,0,7.20311,0.183054,411,0
-7.89293,0.879158,0.878806,1,3,0,8.01536,0.103736,412,0
-7.04585,0.932635,0.878806,2,3,0,8.77086,0.206257,413,0
-7.05156,0.999583,0.878806,2,3,0,7.05541,0.203495,414,0
-7.35165,0.922269,0.878806,1,3,0,7.54052,0.333527,415,0
-7.04762,1.0,0.878806,2,3,0,7.30632,0.205367,416,0
-8.06891,0.792063,0.878806,1,3,0,8.3995,0.421887,417,0
-7.02358,0.928053,0.878806,2,3,0,8.55671,0.235826,418,0
-7.05482,0.963412,0.878806,2,3,0,7.24306,0.202046,419,0
-7.03738,0.970965,0.878806,2,3,0,7.28567,0.251222,420,0
-7.47905,0.581803,0.878806,2,3,0,10.1142,0.13303,421,0
-7.47905,0.819714,0.878806,1,3,0,9.09148,0.13303,422,0
-7.47924,0.974983,0.878806,2,3,0,7.95001,0.133013,423,0
-7.31758,1.0,0.878806,1,1,0,7.47126,0.149875,424,0
-7.21936,0.98414,0.878806,2,3,0,7.55463,0.163305,425,0
-8.00384,0.896493,0.878806,1,3,0,8.06772,0.0977917,426,0
-7.09738,0.991101,0.878806,2,7,0,7.79337,0.277894,427,0
-7.14754,0.949208,0.878806,2,7,0,7.38242,0.176025,428,0
-7.35311,0.962526,0.878806,1,1,0,7.35313,0.145727,429,0
-7.52969,0.972052,0.878806,1,1,0,7.55017,0.128599,430,0
-7.10905,0.945079,0.878806,1,3,0,7.9605,0.281586,431,0
-7.24038,0.915221,0.878806,2,7,0,7.57992,0.160132,432,0
-9.59246,0.82584,0.878806,2,3,0,10.0188,0.538675,433,0
-9.39594,1.0,0.878806,2,7,0,9.42299,0.0521617,434,0
-7.023,1.0,0.878806,2,3,0,8.92686,0.233836,435,0
-7.0957,0.987034,0.878806,2,3,0,7.12255,0.27734,436,0
-7.39803,0.86665,0.878806,1,3,0,7.84453,0.140878,437,0
-7.45404,0.991056,0.878806,1,1,0,7.5075,0.135344,438,0
-7.02863,0.981014,0.878806,1,3,0,7.59856,0.243704,439,0
-7.09462,0.986755,0.878806,1,3,0,7.09747,0.276984,440,0
-7.0232,0.998352,0.878806,2,3,0,7.10594,0.234658,441,0
-7.02444,0.997369,0.878806,2,3,0,7.03962,0.223825,442,0
-7.13237,0.976064,0.878806,1,3,0,7.15578,0.179232,443,0
-7.53737,0.892664,0.878806,1,3,0,7.97232,0.361303,444,0
-7.09447,0.948879,0.878806,1,3,0,7.82125,0.188558,445,0
-7.02563,0.996609,0.878806,1,3,0,7.12125,0.239864,446,0
-7.30343,0.939477,0.878806,1,3,0,7.33798,0.325218,447,0
-7.59973,0.913964,0.878806,1,1,0,7.63795,0.369564,448,0
-7.04401,0.978982,0.878806,1,3,0,7.71247,0.207227,449,0
-7.09365,0.912896,0.878806,2,3,0,7.65223,0.188789,450,0
-7.19295,0.977217,0.878806,2,3,0,7.31812,0.167599,451,0
-7.39829,0.96398,0.878806,1,1,0,7.39991,0.140851,452,0
-7.05997,0.994704,0.878806,1,3,0,7.36713,0.199911,453,0
-7.08184,0.984884,0.878806,1,3,0,7.18514,0.272529,454,0
-9.70867,0.603464,0.878806,2,7,0,9.72875,0.0459924,455,0
-7.7999,0.916972,0.878806,1,3,0,9.71809,0.109211,456,0
-7.7999,0.982663,0.878806,1,1,0,8.00444,0.109211,457,0
-7.0373,0.976083,0.878806,2,3,0,8.12992,0.251165,458,0
-7.5952,0.838146,0.878806,1,3,0,8.00072,0.123309,459,0
-7.20702,0.988875,0.878806,2,3,0,7.76731,0.165266,460,0
-7.92723,0.903809,0.878806,1,3,0,7.98057,0.101835,461,0
-7.92378,1.0,0.878806,1,1,0,8.07058,0.102023,462,0
-7.04486,0.998813,0.878806,1,3,0,8.01177,0.206774,463,0
-7.36392,0.953795,0.878806,2,3,0,7.44254,0.144522,464,0
-7.09072,0.993469,0.878806,2,3,0,7.44102,0.189619,465,0
-7.04405,0.953406,0.878806,2,3,0,7.49882,0.255517,466,0
-7.22944,0.935592,0.878806,1,3,0,7.41297,0.161759,467,0
-7.28186,0.99064,0.878806,1,1,0,7.30911,0.154381,468,0
-7.02723,0.873337,0.878806,2,3,0,8.92472,0.242075,469,0
-7.36421,0.906403,0.878806,1,3,0,7.56197,0.14449,470,0
-7.61438,0.961375,0.878806,1,1,0,7.62567,0.121842,471,0
-7.56568,1.0,0.878806,1,1,0,7.68781,0.125636,472,0
-8.15772,0.923359,0.878806,1,1,0,8.15783,0.0904144,473,0
-7.06171,0.996474,0.878806,1,3,0,8.27435,0.199226,474,0
-7.08765,0.983416,0.878806,1,3,0,7.19751,0.274603,475,0
-7.524,0.933577,0.878806,2,7,0,7.5245,0.129082,476,0
-7.02266,0.989175,0.878806,1,3,0,7.62443,0.23111,477,0
-7.02319,0.997011,0.878806,2,3,0,7.04116,0.226957,478,0
-7.02853,0.998344,0.878806,1,3,0,7.03259,0.243598,479,0
-7.1,0.876516,0.878806,2,3,0,7.85019,0.187049,480,0
-7.42328,0.910844,0.878806,1,3,0,7.75018,0.344916,481,0
-8.07494,0.655587,0.878806,1,3,0,9.97137,0.0942687,482,0
-7.53829,1.0,0.878806,2,3,0,8.00194,0.127879,483,0
-7.18704,0.926329,0.878806,2,7,0,8.14318,0.301929,484,0
-7.32247,0.835712,0.878806,2,3,0,8.13688,0.32857,485,0
-7.14778,0.886558,0.878806,2,3,0,7.96878,0.29243,486,0
-7.29917,0.957685,0.878806,1,1,0,7.31174,0.324452,487,0
-7.03441,1.0,0.878806,1,3,0,7.24695,0.249001,488,0
-7.47114,0.82165,0.878806,2,3,0,8.09757,0.133752,489,0
-7.47114,0.980769,0.878806,1,1,0,7.62559,0.133752,490,0
-7.53959,0.996523,0.878806,2,3,0,7.60054,0.12777,491,0
-7.02443,0.935629,0.878806,2,3,0,8.2286,0.223849,492,0
-7.85064,0.811597,0.878806,1,3,0,8.21786,0.106164,493,0
-7.03618,1.0,0.878806,2,3,0,7.6766,0.250351,494,0
-7.03618,0.736857,0.878806,1,3,0,8.16342,0.250351,495,0
-7.02266,1.0,0.878806,2,3,0,7.03593,0.230564,496,0
-7.02277,0.987091,0.878806,2,3,0,7.10638,0.228956,497,0
-7.58178,0.401855,0.878806,3,7,0,11.8601,0.36723,498,0
-7.03402,0.948563,0.878806,2,3,0,7.91213,0.248697,499,0
-7.24416,0.944539,0.878806,2,3,0,7.41663,0.314058,500,0
-7.33224,0.97446,0.878806,1,1,0,7.37754,0.330253,501,0
-7.41504,0.975413,0.878806,1,1,0,7.4869,0.343656,502,0
-7.15136,1.0,0.878806,1,1,0,7.34509,0.293348,503,0
-7.41034,0.849642,0.878806,2,7,0,7.99133,0.139616,504,0
-7.31194,1.0,0.878806,2,3,0,7.42368,0.150562,505,0
-7.02733,0.998718,0.878806,1,3,0,7.31979,0.219597,506,0
-7.33444,0.932984,0.878806,1,3,0,7.41613,0.147868,507,0
-7.40099,0.988987,0.878806,1,1,0,7.44175,0.140571,508,0
-7.87994,0.930739,0.878806,1,1,0,7.87995,0.104471,509,0
-7.94031,0.98677,0.878806,2,7,0,7.94373,0.408874,510,0
-7.3911,1.0,0.878806,1,1,0,7.80973,0.339924,511,0
-8.38207,0.730813,0.878806,1,1,0,8.40137,0.450709,512,0
-7.02412,1.0,0.878806,1,3,0,8.20173,0.237128,513,0
-7.05887,0.910914,0.878806,2,3,0,7.62152,0.200355,514,0
-7.25716,0.968011,0.878806,1,3,0,7.26792,0.15773,515,0
-7.07246,0.973283,0.878806,1,3,0,7.46799,0.268966,516,0
-7.61514,0.892837,0.878806,1,3,0,7.62607,0.371542,517,0
-7.89849,0.587763,0.878806,1,3,0,9.91059,0.103423,518,0
-7.06848,0.932641,0.878806,1,3,0,8.40704,0.267358,519,0
-7.13352,0.960856,0.878806,1,3,0,7.3039,0.17898,520,0
-7.03951,0.998881,0.878806,1,3,0,7.11711,0.209792,521,0
-7.02274,1.0,0.878806,2,3,0,7.03932,0.229222,522,0
-7.36791,0.949369,0.878806,2,3,0,7.39723,0.144084,523,0
-9.2583,0.821954,0.878806,2,3,0,9.45816,0.0551977,524,0
-8.64949,0.981801,0.878806,2,3,0,10.0724,0.0717097,525,0
-8.27461,1.0,0.878806,2,3,0,8.68166,0.0853712,526,0
-8.27461,0.94632,0.878806,1,1,0,8.82637,0.0853712,527,0
-7.72164,1.0,0.878806,1,1,0,8.21147,0.114227,528,0
-7.10511,0.997299,0.878806,2,3,0,7.74966,0.185707,529,0
-7.03353,0.997639,0.878806,2,3,0,7.12629,0.213839,530,0
-7.89277,0.72482,0.878806,2,3,0,8.9601,0.103744,531,0
-7.10401,0.951849,0.878806,1,3,0,8.5099,0.280024,532,0
-7.03275,0.992515,0.878806,1,3,0,7.14874,0.214451,533,0
-7.02306,0.940307,0.878806,2,3,0,7.47613,0.22745,534,0
-7.16065,0.966753,0.878806,1,3,0,7.19976,0.295679,535,0
-7.18455,0.929104,0.878806,1,3,0,7.56062,0.169048,536,0
-7.97077,0.944733,0.878806,2,3,0,7.9941,0.41203,537,0
-7.18699,0.897033,0.878806,1,3,0,8.57515,0.168622,538,0
-7.31921,0.976257,0.878806,1,1,0,7.3263,0.149678,539,0
-7.78658,0.867863,0.878806,1,3,0,8.68802,0.392148,540,0
-7.78658,0.752545,0.878806,1,3,0,8.98271,0.392148,541,0
-7.80201,0.995058,0.878806,1,1,0,8.0272,0.393892,542,0
-7.56736,1.0,0.878806,1,1,0,7.84971,0.365329,543,0
-7.02407,0.970389,0.878806,2,3,0,7.7619,0.237028,544,0
-7.02378,0.998881,0.878806,2,3,0,7.03198,0.225258,545,0
-7.02532,0.983237,0.878806,2,3,0,7.1303,0.222305,546,0
-7.23099,0.949763,0.878806,1,3,0,7.30142,0.311402,547,0
-7.23099,0.835457,0.878806,1,1,0,7.65214,0.311402,548,0
-7.44941,0.979114,0.878806,2,3,0,7.47604,0.348838,549,0
-7.42612,1.0,0.878806,2,7,0,7.42891,0.138038,550,0
-7.02417,0.997571,0.878806,1,3,0,7.47111,0.224374,551,0
-7.02657,0.999814,0.878806,2,3,0,7.0266,0.220539,552,0
-7.02657,0.672976,0.878806,1,3,0,8.72987,0.220539,553,0
-8.18213,0.798566,0.878806,2,3,0,8.75276,0.432731,554,0
-7.12305,0.9317,0.878806,1,3,0,8.59268,0.18133,555,0
-8.67113,0.85212,0.878806,2,3,0,8.9939,0.474547,556,0
-9.06775,0.958371,0.878806,2,3,0,9.52846,0.504029,557,0
-7.5625,1.0,0.878806,1,1,0,8.61043,0.364683,558,0
-7.04304,1.0,0.878806,1,3,0,7.45254,0.254911,559,0
-7.04571,0.999772,0.878806,2,3,0,7.0502,0.256477,560,0
-7.08133,0.977866,0.878806,2,3,0,7.18344,0.192428,561,0
-7.49659,0.895067,0.878806,1,3,0,7.80281,0.355654,562,0
-7.59393,0.990062,0.878806,2,3,0,7.71351,0.368813,563,0
-7.59393,0.813966,0.878806,1,1,0,8.1156,0.368813,564,0
-7.87469,0.914491,0.878806,1,1,0,7.9991,0.401906,565,0
-7.52706,1.0,0.878806,1,1,0,7.861,0.359896,566,0
-7.1416,0.927408,0.878806,1,3,0,7.9435,0.177252,567,0
-7.7353,0.917488,0.878806,1,3,0,7.78646,0.113322,568,0
-7.33184,1.0,0.878806,1,1,0,7.67171,0.148173,569,0
-7.41257,0.847996,0.878806,2,3,0,8.93174,0.139391,570,0
-8.41525,0.930528,0.878806,2,3,0,8.41537,0.453565,571,0
-7.82556,1.0,0.878806,1,1,0,8.38371,0.396526,572,0
-7.26874,1.0,0.878806,1,1,0,7.6696,0.318832,573,0
-8.30223,0.877497,0.878806,2,3,0,8.3042,0.443694,574,0
-9.80755,0.856882,0.878806,2,3,0,10.0312,0.551722,575,0
-7.03729,1.0,0.878806,2,7,0,9.25305,0.25116,576,0
-7.19479,0.9114,0.878806,2,3,0,7.55069,0.167288,577,0
-7.35107,0.97229,0.878806,1,1,0,7.35644,0.145956,578,0
-7.30755,1.0,0.878806,1,1,0,7.38617,0.151104,579,0
-7.63104,0.983006,0.878806,2,3,0,7.6326,0.120595,580,0
-7.0584,0.85018,0.878806,2,3,0,10.1044,0.262966,581,0
-7.11062,0.986227,0.878806,1,1,0,7.11272,0.282065,582,0
-7.21688,0.990271,0.878806,2,3,0,7.22505,0.308471,583,0
-7.06905,1.0,0.878806,2,3,0,7.17677,0.267591,584,0
-8.14337,0.792127,0.878806,1,3,0,8.18568,0.429078,585,0
-7.48241,1.0,0.878806,1,1,0,7.98972,0.35364,586,0
-7.15013,0.925679,0.878806,1,3,0,7.91332,0.175501,587,0
-8.46126,0.890118,0.878806,2,3,0,8.6376,0.457471,588,0
-8.46126,0.769599,0.878806,1,1,0,9.32266,0.457471,589,0
-7.0372,0.962855,0.878806,2,3,0,8.7951,0.211249,590,0
-7.55368,0.881769,0.878806,1,3,0,7.74657,0.363506,591,0
-8.05095,0.951048,0.878806,2,3,0,8.14025,0.420116,592,0
-13.4291,0.170838,0.878806,1,1,0,13.4352,0.710755,593,0
-7.94314,1.0,0.878806,2,3,0,11.626,0.40917,594,0
-7.40336,1.0,0.878806,1,1,0,7.81893,0.341848,595,0
-7.03153,0.969548,0.878806,2,3,0,7.59756,0.246584,596,0
-7.05529,0.993996,0.878806,1,1,0,7.05531,0.261491,597,0
-7.86478,0.746275,0.878806,2,3,0,8.58143,0.105341,598,0
-8.09178,0.972881,0.878806,1,1,0,8.15953,0.0934641,599,0
-8.1653,0.99178,0.878806,1,1,0,8.30334,0.0900737,600,0
-7.87597,1.0,0.878806,2,3,0,8.18516,0.104698,601,0
-7.16213,0.987628,0.878806,2,7,0,7.71346,0.296042,602,0
-7.75138,0.840281,0.878806,1,1,0,7.75158,0.388105,603,0
-8.41008,0.806336,0.878806,1,1,0,8.54275,0.453122,604,0
-8.41008,0.910143,0.878806,1,1,0,8.9868,0.453122,605,0
-7.18105,1.0,0.878806,2,3,0,8.25465,0.169664,606,0
-7.11668,1.0,0.878806,1,1,0,7.17499,0.182829,607,0
-7.75882,0.902689,0.878806,1,3,0,7.83721,0.111793,608,0
-7.54681,0.868694,0.878806,2,3,0,9.61366,0.127173,609,0
-7.30801,1.0,0.878806,1,1,0,7.51533,0.151046,610,0
-7.04526,1.0,0.878806,2,3,0,7.24736,0.25622,611,0
-7.04735,0.999463,0.878806,1,1,0,7.05253,0.257399,612,0
-7.36625,0.899388,0.878806,2,3,0,7.70911,0.335932,613,0
-7.23711,0.88892,0.878806,1,3,0,7.97755,0.160612,614,0
-7.02667,0.991295,0.878806,1,3,0,7.30463,0.241355,615,0
-7.0353,0.997857,0.878806,1,1,0,7.03534,0.249696,616,0
-7.6615,0.904253,0.878806,2,3,0,7.67024,0.11838,617,0
-7.36028,1.0,0.878806,1,1,0,7.62018,0.144925,618,0
-7.53488,0.972474,0.878806,1,1,0,7.55655,0.128163,619,0
-7.13978,0.990094,0.878806,1,3,0,7.47615,0.177635,620,0
-8.27848,0.904071,0.878806,2,3,0,8.41337,0.441567,621,0
-7.39845,1.0,0.878806,2,3,0,8.02537,0.341081,622,0
-7.42729,0.991285,0.878806,1,1,0,7.52831,0.345525,623,0
-8.28116,0.498212,0.878806,1,3,0,10.4609,0.0851012,624,0
-8.34916,0.992998,0.878806,1,1,0,8.50911,0.082372,625,0
-7.18835,0.984773,0.878806,2,7,0,8.08765,0.302228,626,0
-7.07584,0.96255,0.878806,2,3,0,7.43634,0.270283,627,0
-7.02282,0.999718,0.878806,1,3,0,7.07332,0.232901,628,0
-7.2802,0.941814,0.878806,1,3,0,7.32838,0.320984,629,0
-7.22835,1.0,0.878806,2,3,0,7.31153,0.310862,630,0
-7.47438,0.976539,0.878806,2,3,0,7.49797,0.352486,631,0
-7.02265,0.998735,0.878806,1,3,0,7.45124,0.230742,632,0
-7.03988,0.99573,0.878806,1,3,0,7.04519,0.209564,633,0
-7.10712,0.907746,0.878806,2,3,0,7.67291,0.185191,634,0
-7.22736,0.976729,0.878806,1,1,0,7.22804,0.162074,635,0
-7.42413,0.966309,0.878806,1,1,0,7.42877,0.138235,636,0
-7.0321,1.0,0.878806,2,3,0,7.34241,0.247083,637,0
-7.45786,0.910568,0.878806,1,3,0,7.49451,0.350083,638,0
-7.52261,0.980249,0.878806,1,1,0,7.63553,0.359283,639,0
-7.52261,0.789146,0.878806,1,1,0,8.08664,0.359283,640,0
-7.41579,1.0,0.878806,1,1,0,7.58313,0.34377,641,0
-7.1539,1.0,0.878806,1,1,0,7.3468,0.293994,642,0
-7.02456,1.0,0.878806,2,3,0,7.1464,0.223608,643,0
-7.91262,0.816803,0.878806,1,3,0,8.09836,0.405964,644,0
-7.24885,1.0,0.878806,1,1,0,7.7173,0.314987,645,0
-7.05841,0.975109,0.878806,1,3,0,7.39055,0.200542,646,0
-7.06632,0.998303,0.878806,1,1,0,7.07231,0.197487,647,0
-7.31403,0.96061,0.878806,2,3,0,7.41854,0.150307,648,0
-7.21258,1.0,0.878806,1,1,0,7.31058,0.164373,649,0
-7.0245,0.874671,0.878806,2,3,0,8.64607,0.237913,650,0
-7.12983,0.976809,0.878806,1,3,0,7.14291,0.287633,651,0
-7.19224,0.917133,0.878806,2,3,0,7.62361,0.303106,652,0
-7.42085,0.832341,0.878806,1,3,0,8.09327,0.13856,653,0
-7.4571,0.994251,0.878806,1,1,0,7.51988,0.135056,654,0
-7.34917,1.0,0.878806,1,1,0,7.47263,0.146172,655,0
-7.34917,0.904606,0.878806,1,3,0,7.99544,0.146172,656,0
-7.32621,1.0,0.878806,1,1,0,7.3968,0.148839,657,0
-7.28507,1.0,0.878806,1,1,0,7.35853,0.15396,658,0
-7.11225,0.962505,0.878806,1,3,0,7.59523,0.28256,659,0
-7.52201,0.819654,0.878806,1,3,0,8.11745,0.129252,660,0
-7.10121,0.991003,0.878806,1,3,0,7.47265,0.186725,661,0
-7.14535,0.991181,0.878806,1,1,0,7.15255,0.176473,662,0
-7.05386,0.982288,0.878806,2,3,0,7.31604,0.260793,663,0
-7.08828,0.97766,0.878806,1,3,0,7.19482,0.190329,664,0
-7.19318,0.958778,0.878806,1,3,0,7.40703,0.303317,665,0
-7.40709,0.939344,0.878806,1,1,0,7.42495,0.342428,666,0
-7.31104,1.0,0.878806,2,3,0,7.44186,0.326569,667,0
-7.03334,1.0,0.878806,2,3,0,7.28683,0.213989,668,0
-7.46185,0.910992,0.878806,1,3,0,7.57104,0.134612,669,0
-7.17429,0.949131,0.878806,1,3,0,7.99556,0.298973,670,0
-7.15475,0.921416,0.878806,2,3,0,7.63919,0.294207,671,0
-7.66657,0.712749,0.878806,2,3,0,8.90235,0.37798,672,0
-7.0759,1.0,0.878806,1,3,0,7.51241,0.270306,673,0
-7.69726,0.765529,0.878806,2,3,0,8.56929,0.38171,674,0
-7.70169,0.998593,0.878806,1,1,0,7.90029,0.382242,675,0
-8.11581,0.958202,0.878806,2,3,0,8.25802,0.426443,676,0
-7.03772,0.991661,0.878806,1,3,0,8.17232,0.210907,677,0
-7.31223,0.959749,0.878806,2,3,0,7.37729,0.150526,678,0
-7.54524,0.895466,0.878806,1,3,0,8.339,0.36237,679,0
-7.54524,0.323333,0.878806,1,1,0,9.86049,0.36237,680,0
-7.04814,0.975742,0.878806,1,3,0,7.67458,0.205111,681,0
-7.03069,0.952844,0.878806,2,3,0,7.37956,0.216179,682,0
-7.03069,0.380708,0.878806,2,7,0,11.5084,0.216179,683,0
-7.59169,0.874695,0.878806,1,3,0,7.76464,0.368523,684,0
-7.1328,1.0,0.878806,2,3,0,7.48942,0.179138,685,0
-7.09018,0.978913,0.878806,1,3,0,7.31833,0.275479,686,0
-7.91095,0.873556,0.878806,2,7,0,7.91114,0.102729,687,0
-7.52188,1.0,0.878806,1,1,0,7.86488,0.129262,688,0
-8.92534,0.838344,0.878806,1,3,0,9.05903,0.0635237,689,0
-9.58691,0.953241,0.878806,1,1,0,9.63565,0.0482828,690,0
-8.00213,0.994108,0.878806,2,3,0,9.87016,0.0978791,691,0
-9.97549,0.799535,0.878806,1,3,0,10.1793,0.0414121,692,0
-10.1116,0.992925,0.878806,1,1,0,10.3677,0.0392837,693,0
-8.97889,1.0,0.878806,1,1,0,10.036,0.0620804,694,0
-7.18278,0.812157,0.878806,2,7,0,10.6031,0.300953,695,0
-7.2221,0.996279,0.878806,2,3,0,7.25763,0.309566,696,0
-7.2221,0.783714,0.878806,1,1,0,7.78218,0.309566,697,0
-7.29515,0.978962,0.878806,1,1,0,7.3364,0.323727,698,0
-8.21202,0.75235,0.878806,1,1,0,8.21864,0.435508,699,0
-7.60125,1.0,0.878806,2,3,0,8.10821,0.36976,700,0
-8.95286,0.643497,0.878806,1,1,0,8.99981,0.495821,701,0
-8.682,1.0,0.878806,1,1,0,9.34384,0.475401,702,0
-8.88476,0.934102,0.878806,1,1,0,9.37682,0.490834,703,0
-14.2514,0.17969,0.878806,1,1,0,14.3583,0.736407,704,0
-9.19646,1.0,0.878806,1,1,0,12.8314,0.51294,705,0
-10.9344,0.562509,0.878806,1,1,0,11.403,0.611703,706,0
-8.56206,1.0,0.878806,1,1,0,10.3713,0.465818,707,0
-7.36299,1.0,0.878806,2,3,0,8.30358,0.144624,708,0
-7.32158,1.0,0.878806,2,3,0,7.40139,0.149393,709,0
-7.44938,0.993029,0.878806,2,3,0,7.47455,0.135785,710,0
-7.20658,0.915427,0.878806,2,3,0,8.26925,0.306269,711,0
-8.12274,0.598525,0.878806,1,3,0,9.57778,0.0920127,712,0
-7.11852,0.939285,0.878806,1,3,0,8.92125,0.284419,713,0
-7.1775,0.946529,0.878806,1,3,0,7.47683,0.170299,714,0
-7.28229,0.972103,0.878806,2,3,0,7.49921,0.154324,715,0
-8.19531,0.883124,0.878806,1,3,0,8.26806,0.0887442,716,0
-7.60028,1.0,0.878806,1,1,0,8.11712,0.122916,717,0
-7.28137,1.0,0.878806,1,1,0,7.54851,0.154445,718,0
-8.0263,0.840558,0.878806,1,3,0,8.92823,0.417663,719,0
-8.0263,0.611514,0.878806,1,1,0,9.1558,0.417663,720,0
-7.21824,1.0,0.878806,2,3,0,7.85399,0.16348,721,0
-7.02331,0.999435,0.878806,1,3,0,7.23222,0.226559,722,0
-7.13797,0.971775,0.878806,1,3,0,7.17393,0.28985,723,0
-7.58533,0.949423,0.878806,2,3,0,7.5856,0.367695,724,0
-7.27143,1.0,0.878806,1,1,0,7.51931,0.319343,725,0
-7.05583,1.0,0.878806,1,3,0,7.21531,0.261752,726,0
-8.62446,0.573638,0.878806,2,7,0,10.0466,0.072522,727,0
-7.04323,0.892026,0.878806,2,7,0,9.44691,0.255025,728,0
-7.3148,0.719443,0.878806,2,3,0,8.97751,0.150213,729,0
-8.11475,0.89649,0.878806,1,3,0,8.15353,0.0923839,730,0
-7.58416,1.0,0.878806,1,1,0,8.04569,0.124169,731,0
-7.98371,0.947138,0.878806,1,1,0,7.99542,0.0988283,732,0
-7.16434,0.89982,0.878806,1,3,0,8.81487,0.296582,733,0
-7.3465,0.948799,0.878806,1,1,0,7.3603,0.332667,734,0
-7.50253,0.773716,0.878806,1,3,0,8.54124,0.130935,735,0
-7.39438,1.0,0.878806,1,1,0,7.52491,0.141257,736,0
-7.6051,0.989251,0.878806,2,3,0,7.62481,0.122547,737,0
-7.02277,0.988343,0.878806,1,3,0,7.7187,0.229017,738,0
-7.13793,0.972346,0.878806,1,3,0,7.1683,0.289839,739,0
-7.06509,1.0,0.878806,1,1,0,7.1203,0.265938,740,0
-7.18637,0.86024,0.878806,2,3,0,7.95512,0.168731,741,0
-7.57868,0.966291,0.878806,2,7,0,7.57904,0.366823,742,0
-7.29274,1.0,0.878806,1,1,0,7.52849,0.323289,743,0
-7.02359,0.999357,0.878806,2,3,0,7.30831,0.225733,744,0
-7.02359,0.657508,0.878806,2,3,0,9.04111,0.225733,745,0
-7.0837,0.984447,0.878806,1,3,0,7.1073,0.273201,746,0
-7.19517,0.9699,0.878806,1,1,0,7.1979,0.303762,747,0
-7.05675,0.97822,0.878806,1,3,0,7.32294,0.201227,748,0
-7.19037,0.957757,0.878806,1,3,0,7.33858,0.302686,749,0
-7.21179,0.887706,0.878806,2,3,0,7.84076,0.307388,750,0
-7.0453,1.0,0.878806,1,3,0,7.1703,0.256245,751,0
-7.19616,0.945171,0.878806,1,3,0,7.36092,0.167057,752,0
-7.02284,0.998973,0.878806,1,3,0,7.21204,0.228498,753,0
-7.4933,0.887156,0.878806,1,3,0,7.68844,0.13175,754,0
-7.59238,0.96544,0.878806,2,3,0,8.0676,0.123527,755,0
-8.27925,0.94478,0.878806,2,7,0,8.32066,0.441636,756,0
-7.26358,0.859951,0.878806,1,3,0,9.14425,0.156839,757,0
-9.24873,0.869955,0.878806,2,3,0,9.49554,0.516477,758,0
-9.17574,1.0,0.878806,1,1,0,9.90226,0.511525,759,0
-8.69543,1.0,0.878806,1,1,0,9.47164,0.476452,760,0
-7.3898,1.0,0.878806,2,3,0,8.41777,0.141736,761,0
-7.11186,0.949149,0.878806,2,7,0,7.75397,0.282442,762,0
-7.13508,0.95407,0.878806,1,3,0,7.38255,0.178641,763,0
-7.4177,0.915315,0.878806,1,3,0,7.81707,0.344063,764,0
-7.71703,0.911195,0.878806,1,1,0,7.78648,0.384072,765,0
-7.28816,1.0,0.878806,1,1,0,7.61089,0.322454,766,0
-7.15694,0.889382,0.878806,2,3,0,7.9199,0.294758,767,0
-7.12185,1.0,0.878806,2,3,0,7.16662,0.285382,768,0
-7.45533,0.844796,0.878806,2,7,0,8.01392,0.135222,769,0
-7.19379,0.886845,0.878806,2,3,0,8.7051,0.167457,770,0
-9.37879,0.679362,0.878806,1,3,0,10.1681,0.0525284,771,0
-9.41775,0.967532,0.878806,2,7,0,9.56629,0.527613,772,0
-7.95318,0.509402,0.878806,1,3,0,12.5516,0.100435,773,0
-7.03495,0.995279,0.878806,1,3,0,8.0847,0.212793,774,0
-7.04916,0.996834,0.878806,1,1,0,7.04969,0.204615,775,0
-7.39659,0.950206,0.878806,2,3,0,7.4826,0.141027,776,0
-7.23743,0.938502,0.878806,1,3,0,8.00721,0.312712,777,0
-7.65611,0.881747,0.878806,1,1,0,7.67047,0.376689,778,0
-7.54412,1.0,0.878806,1,1,0,7.75309,0.362219,779,0
-7.18793,1.0,0.878806,1,1,0,7.44731,0.302134,780,0
-7.06763,1.0,0.878806,1,1,0,7.1558,0.267007,781,0
-7.04841,0.989534,0.878806,1,3,0,7.14043,0.204981,782,0
-7.04641,0.86213,0.878806,2,3,0,8.24075,0.205973,783,0
-7.44132,0.925158,0.878806,1,3,0,7.51148,0.136557,784,0
-7.18652,0.987732,0.878806,2,3,0,7.621,0.168704,785,0
-7.03279,0.998403,0.878806,1,3,0,7.17261,0.214417,786,0
-8.98876,0.656419,0.878806,1,3,0,9.38281,0.498413,787,0
-7.76641,1.0,0.878806,1,1,0,8.67989,0.389842,788,0
-7.35758,1.0,0.878806,1,1,0,7.68297,0.33451,789,0
-7.06817,0.966676,0.878806,1,3,0,7.54264,0.196818,790,0
-7.44158,0.937028,0.878806,1,3,0,7.48259,0.136531,791,0
-7.87348,0.938556,0.878806,1,1,0,7.87531,0.10484,792,0
-7.88995,0.997929,0.878806,1,1,0,8.02267,0.103903,793,0
-9.99721,0.876899,0.878806,2,7,0,9.99725,0.562747,794,0
-7.51546,1.0,0.878806,1,1,0,9.19165,0.358295,795,0
-7.02678,0.967329,0.878806,2,3,0,7.72577,0.241499,796,0
-7.02678,0.569633,0.878806,1,3,0,9.59966,0.241499,797,0
-7.09904,0.9425,0.878806,2,3,0,7.36603,0.187305,798,0
-8.8921,0.690152,0.878806,1,3,0,9.58892,0.0644417,799,0
-8.14569,1.0,0.878806,1,1,0,8.82437,0.0909592,800,0
-7.53091,0.826683,0.878806,2,7,0,9.82693,0.360423,801,0
-8.37023,0.763569,0.878806,1,1,0,8.42755,0.449681,802,0
-7.4146,1.0,0.878806,1,1,0,8.09201,0.343588,803,0
-7.33546,1.0,0.878806,1,1,0,7.46419,0.330802,804,0
-7.10413,1.0,0.878806,2,3,0,7.27145,0.280061,805,0
-7.12571,0.99412,0.878806,1,1,0,7.14263,0.286482,806,0
-7.09408,1.0,0.878806,1,1,0,7.12971,0.276803,807,0
-7.51831,0.828212,0.878806,1,3,0,8.06312,0.129568,808,0
-7.96556,0.939225,0.878806,1,1,0,7.9696,0.0997781,809,0
-8.17146,0.976409,0.878806,1,1,0,8.25508,0.0897981,810,0
-7.79322,1.0,0.878806,1,1,0,8.15531,0.109623,811,0
-7.03066,1.0,0.878806,2,3,0,7.63557,0.24577,812,0
-7.03066,0.727082,0.878806,1,3,0,8.23052,0.24577,813,0
-7.16933,0.956683,0.878806,1,3,0,7.27284,0.17179,814,0
-7.33665,0.989935,0.878806,2,3,0,7.33893,0.14761,815,0
-7.02674,0.998973,0.878806,1,3,0,7.35033,0.220324,816,0
-7.21425,0.974957,0.878806,2,3,0,7.24639,0.307912,817,0
-7.23948,0.865614,0.878806,2,3,0,7.98634,0.313124,818,0
-7.59106,0.9,0.878806,1,1,0,7.60965,0.368441,819,0
-7.0936,0.874497,0.878806,2,3,0,8.32036,0.276642,820,0
-7.02335,1.0,0.878806,2,3,0,7.0893,0.226422,821,0
-7.08883,0.99075,0.878806,2,3,0,7.10009,0.275014,822,0
-7.12766,0.964465,0.878806,1,3,0,7.32971,0.180279,823,0
-8.33184,0.7665,0.878806,1,3,0,8.95477,0.44632,824,0
-7.44029,1.0,0.878806,1,1,0,8.08144,0.347481,825,0
-7.02284,0.98531,0.878806,2,3,0,7.54168,0.233038,826,0
-7.05629,0.992292,0.878806,1,3,0,7.06245,0.261972,827,0
-8.2894,0.652316,0.878806,1,3,0,9.37949,0.0847634,828,0
-8.65493,0.964883,0.878806,1,1,0,8.72724,0.071535,829,0
-7.17493,1.0,0.878806,2,3,0,8.5508,0.170764,830,0
-7.27562,0.981567,0.878806,1,1,0,7.28526,0.155208,831,0
-8.73707,0.855335,0.878806,2,3,0,8.94329,0.0689644,832,0
-7.91853,1.0,0.878806,2,3,0,8.64683,0.102311,833,0
-7.91853,0.92607,0.878806,1,1,0,8.53497,0.102311,834,0
-8.00499,0.989568,0.878806,1,1,0,8.11903,0.0977331,835,0
-7.57002,1.0,0.878806,1,1,0,7.95317,0.125288,836,0
-7.57002,0.805013,0.878806,1,3,0,9.42284,0.125288,837,0
-9.99585,0.871431,0.878806,2,3,0,10.0909,0.562669,838,0
-7.73632,1.0,0.878806,1,1,0,9.28735,0.386347,839,0
-7.79516,0.981334,0.878806,1,1,0,7.99677,0.393119,840,0
-7.43596,1.0,0.878806,1,1,0,7.75149,0.346833,841,0
-8.89928,0.625206,0.878806,1,1,0,8.91199,0.491905,842,0
-7.07264,0.71881,0.878806,2,3,0,10.5851,0.269037,843,0
-7.17359,0.972974,0.878806,1,1,0,7.17522,0.298807,844,0
-7.64166,0.870989,0.878806,1,1,0,7.64426,0.374892,845,0
-7.40843,1.0,0.878806,1,1,0,7.64371,0.342636,846,0
-7.02375,0.996791,0.878806,1,3,0,7.41406,0.225318,847,0
-7.11331,0.987441,0.878806,2,3,0,7.12899,0.282877,848,0
-7.02658,1.0,0.878806,1,3,0,7.09836,0.241231,849,0
-7.07144,0.994231,0.878806,2,3,0,7.07221,0.195669,850,0
-7.04662,1.0,0.878806,2,3,0,7.06721,0.205868,851,0
-7.06867,0.995222,0.878806,1,1,0,7.07011,0.196637,852,0
-7.05934,1.0,0.878806,1,1,0,7.07255,0.200162,853,0
-7.45921,0.959607,0.878806,2,3,0,7.49323,0.350281,854,0
-7.37566,1.0,0.878806,1,1,0,7.5186,0.337459,855,0
-7.19583,0.840175,0.878806,2,3,0,8.27172,0.303909,856,0
-7.0465,1.0,0.878806,1,3,0,7.15781,0.256927,857,0
-7.49112,0.863607,0.878806,2,3,0,7.94977,0.354881,858,0
-7.31539,1.0,0.878806,1,1,0,7.49211,0.327335,859,0
-7.41309,0.814654,0.878806,1,3,0,8.29392,0.139338,860,0
-7.84888,0.936997,0.878806,1,1,0,7.84974,0.106267,861,0
-7.38422,1.0,0.878806,1,1,0,7.77842,0.142325,862,0
-7.26375,1.0,0.878806,1,1,0,7.3821,0.156816,863,0
-7.40314,0.976383,0.878806,1,1,0,7.41862,0.14035,864,0
-7.47918,0.987976,0.878806,1,1,0,7.52798,0.133018,865,0
-7.08955,0.87869,0.878806,2,3,0,9.03819,0.275262,866,0
-7.69979,0.77587,0.878806,2,7,0,8.3892,0.115704,867,0
-7.04565,1.0,0.878806,2,3,0,7.55446,0.256446,868,0
-7.17193,0.929346,0.878806,2,3,0,7.45347,0.171311,869,0
-7.28445,0.940244,0.878806,1,3,0,7.6984,0.321772,870,0
-7.31853,0.996663,0.878806,2,3,0,7.38442,0.327884,871,0
-7.85705,0.847042,0.878806,1,1,0,7.88188,0.399992,872,0
-7.85705,0.380502,0.878806,1,1,0,9.83918,0.399992,873,0
-7.02737,0.933411,0.878806,2,3,0,8.29566,0.242241,874,0
-7.09613,0.990824,0.878806,2,3,0,7.09763,0.188099,875,0
-7.035,0.993078,0.878806,1,3,0,7.15143,0.249467,876,0
-7.02301,1.0,0.878806,2,3,0,7.03328,0.227643,877,0
-7.12888,0.974996,0.878806,1,3,0,7.15898,0.180006,878,0
-7.12888,0.842089,0.878806,1,3,0,8.16235,0.180006,879,0
-7.02718,0.905957,0.878806,2,3,0,8.03209,0.242009,880,0
-8.27634,0.811159,0.878806,2,3,0,8.28806,0.0852997,881,0
-7.05341,0.986099,0.878806,2,3,0,8.45688,0.202663,882,0
-7.06326,0.989317,0.878806,1,3,0,7.14345,0.265147,883,0
-7.03913,0.99298,0.878806,2,3,0,7.11693,0.252425,884,0
-7.39556,0.648943,0.878806,2,3,0,9.54534,0.141134,885,0
-7.0522,0.995256,0.878806,1,3,0,7.37074,0.203205,886,0
-7.0522,0.82948,0.878806,1,3,0,8.01263,0.203205,887,0
-7.92182,0.816718,0.878806,1,3,0,8.24232,0.406935,888,0
-7.18572,1.0,0.878806,1,1,0,7.70148,0.301628,889,0
-7.16274,1.0,0.878806,2,3,0,7.21204,0.296191,890,0
-7.50688,0.904429,0.878806,1,1,0,7.51162,0.3571,891,0
-7.02417,0.996394,0.878806,1,3,0,7.51108,0.224369,892,0
-7.02335,0.987326,0.878806,2,3,0,7.10864,0.235142,893,0
-7.14125,0.913505,0.878806,2,3,0,7.54499,0.177325,894,0
-7.15477,0.999121,0.878806,2,3,0,7.17591,0.174575,895,0
-7.0227,1.0,0.878806,2,3,0,7.1409,0.229599,896,0
-7.11198,0.921133,0.878806,2,3,0,7.50808,0.183971,897,0
-7.17791,0.877636,0.878806,2,3,0,8.10694,0.170224,898,0
-7.03027,0.991295,0.878806,1,3,0,7.24452,0.245399,899,0
-7.05203,0.990734,0.878806,1,3,0,7.08633,0.203281,900,0
-7.05638,0.999056,0.878806,1,1,0,7.06185,0.201384,901,0
-7.08347,0.994237,0.878806,1,1,0,7.08582,0.191766,902,0
-7.08544,0.991903,0.878806,2,3,0,7.17975,0.191169,903,0
-7.02266,1.0,0.878806,2,3,0,7.07985,0.230302,904,0
-7.02792,0.984557,0.878806,2,3,0,7.11773,0.218922,905,0
-7.07583,0.991014,0.878806,1,3,0,7.07916,0.194189,906,0
-7.06487,1.0,0.878806,2,3,0,7.08014,0.198024,907,0
-7.06487,0.680901,0.878806,1,3,0,9.00409,0.198024,908,0
-7.83149,0.901032,0.878806,2,3,0,7.93672,0.107296,909,0
-7.05319,1.0,0.878806,2,3,0,7.65628,0.260463,910,0
-7.46978,0.621283,0.878806,2,3,0,9.74959,0.133878,911,0
-7.53937,0.989392,0.878806,1,1,0,7.5998,0.127789,912,0
-8.07994,0.93034,0.878806,2,3,0,8.53697,0.0940287,913,0
-7.02739,1.0,0.878806,2,3,0,7.86548,0.242268,914,0
-7.76339,0.805703,0.878806,1,3,0,8.21843,0.1115,915,0
-8.71312,0.909479,0.878806,2,3,0,9.21211,0.069701,916,0
-8.65131,1.0,0.878806,1,1,0,8.90467,0.0716515,917,0
-7.33633,0.819323,0.878806,2,7,0,10.3794,0.330951,918,0
-8.32989,0.732356,0.878806,1,1,0,8.34019,0.446148,919,0
-7.38185,1.0,0.878806,1,1,0,8.04978,0.338453,920,0
-7.11408,1.0,0.878806,1,1,0,7.30703,0.283107,921,0
-7.20817,0.974106,0.878806,1,1,0,7.2182,0.306612,922,0
-7.16187,1.0,0.878806,2,3,0,7.22357,0.295978,923,0
-7.54334,0.822381,0.878806,1,3,0,8.2755,0.127459,924,0
-7.70646,0.97676,0.878806,1,1,0,7.75306,0.11525,925,0
-7.48789,1.0,0.878806,2,3,0,7.70301,0.132233,926,0
-7.02326,0.937159,0.878806,2,3,0,8.1398,0.226717,927,0
-7.06562,0.94421,0.878806,2,3,0,7.3708,0.197744,928,0
-7.05788,0.987786,0.878806,2,3,0,7.17821,0.262722,929,0
-7.0245,1.0,0.878806,2,3,0,7.05229,0.223722,930,0
-7.90599,0.799497,0.878806,1,3,0,8.30654,0.103005,931,0
-7.85978,1.0,0.878806,2,3,0,8.02065,0.105631,932,0
-7.50974,1.0,0.878806,1,1,0,7.82174,0.130307,933,0
-7.0285,0.978626,0.878806,1,3,0,7.67263,0.243567,934,0
-8.02999,0.751227,0.878806,2,3,0,8.82901,0.418032,935,0
-7.28455,1.0,0.878806,1,1,0,7.80996,0.32179,936,0
-8.03424,0.793698,0.878806,1,1,0,8.04379,0.418456,937,0
-7.03695,0.991239,0.878806,1,3,0,8.09246,0.211411,938,0
-7.03678,0.995448,0.878806,2,3,0,7.07913,0.250794,939,0
-7.81395,0.782702,0.878806,1,3,0,8.378,0.108352,940,0
-8.06548,0.989797,0.878806,2,3,0,8.1222,0.0947259,941,0
-7.26284,0.993268,0.878806,2,3,0,8.18794,0.156941,942,0
-7.12771,1.0,0.878806,1,1,0,7.23824,0.180268,943,0
-7.37292,0.976971,0.878806,2,7,0,7.3735,0.337016,944,0
-7.15527,1.0,0.878806,1,1,0,7.31957,0.294338,945,0
-7.32614,0.952122,0.878806,1,1,0,7.33881,0.329206,946,0
-7.74401,0.608623,0.878806,2,3,0,9.77,0.387247,947,0
-7.29302,1.0,0.878806,1,1,0,7.63056,0.32334,948,0
-7.04136,0.982593,0.878806,1,3,0,7.38668,0.208694,949,0
-7.0257,0.958911,0.878806,2,3,0,7.34882,0.239979,950,0
-7.5048,0.897704,0.878806,1,3,0,7.56543,0.35681,951,0
-7.07145,0.9616,0.878806,1,3,0,7.71431,0.195664,952,0
-7.06201,1.0,0.878806,1,1,0,7.07583,0.199109,953,0
-7.04503,0.975778,0.878806,2,3,0,7.26453,0.256089,954,0
-7.05086,0.98256,0.878806,2,3,0,7.1625,0.203816,955,0
-8.73649,0.777484,0.878806,2,3,0,8.78871,0.0689821,956,0
-7.54028,0.949077,0.878806,1,3,0,8.64933,0.127713,957,0
-7.14217,0.881353,0.878806,2,3,0,8.94011,0.290968,958,0
-7.9361,0.872499,0.878806,2,7,0,7.94198,0.101352,959,0
-9.57545,0.882038,0.878806,2,3,0,10.0059,0.0485055,960,0
-7.2539,0.968163,0.878806,1,3,0,9.96947,0.158187,961,0
-7.57999,0.946701,0.878806,1,1,0,7.58005,0.124497,962,0
-9.00333,0.877732,0.878806,2,3,0,9.35018,0.0614359,963,0
-7.06151,0.860806,0.878806,1,3,0,10.1996,0.264377,964,0
-7.08197,0.980512,0.878806,1,3,0,7.1968,0.19223,965,0
-7.02969,0.995397,0.878806,1,3,0,7.11854,0.244825,966,0
-7.03313,0.982597,0.878806,2,3,0,7.14072,0.214153,967,0
-7.02733,0.996052,0.878806,2,3,0,7.0636,0.242202,968,0
-7.02999,0.9834,0.878806,2,3,0,7.13285,0.216816,969,0
-7.35837,0.921366,0.878806,1,3,0,7.4799,0.33464,970,0
-7.09536,1.0,0.878806,1,1,0,7.2847,0.277227,971,0
-7.288,0.947696,0.878806,1,1,0,7.28918,0.322425,972,0
-7.02435,0.988732,0.878806,2,3,0,7.36221,0.237618,973,0
-7.33841,0.847189,0.878806,2,3,0,7.95484,0.147407,974,0
-8.29903,0.878934,0.878806,1,3,0,8.36571,0.0843712,975,0
-8.65651,0.965743,0.878806,1,1,0,8.73147,0.0714844,976,0
-8.50929,1.0,0.878806,1,1,0,8.79651,0.0764278,977,0
-8.15903,1.0,0.878806,1,1,0,8.53848,0.0903554,978,0
-7.66922,1.0,0.878806,1,1,0,8.10414,0.117832,979,0
-7.75283,0.988596,0.878806,1,1,0,7.83682,0.112179,980,0
-7.66754,0.869242,0.878806,1,3,0,9.33178,0.378099,981,0
-8.11691,0.864959,0.878806,1,1,0,8.24481,0.426549,982,0
-7.07272,1.0,0.878806,1,3,0,7.85781,0.269069,983,0
-7.08649,0.99878,0.878806,2,3,0,7.09649,0.274198,984,0
-7.09426,0.999305,0.878806,2,3,0,7.10907,0.276861,985,0
-7.52285,0.808122,0.878806,2,3,0,8.27548,0.359317,986,0
-7.07414,0.959828,0.878806,1,3,0,7.74239,0.194749,987,0
-7.05038,0.97252,0.878806,2,3,0,7.31302,0.259027,988,0
-7.09763,0.92617,0.878806,2,3,0,7.51535,0.187689,989,0
-7.07998,0.983736,0.878806,1,3,0,7.24448,0.271842,990,0
-8.05772,0.697283,0.878806,1,3,0,9.0401,0.0951034,991,0
-7.28136,0.876674,0.878806,1,3,0,9.20062,0.321199,992,0
-7.15325,1.0,0.878806,1,1,0,7.26072,0.293828,993,0
-7.12864,1.0,0.878806,1,1,0,7.16945,0.287301,994,0
-7.2178,0.920787,0.878806,1,3,0,7.57299,0.163549,995,0
-7.13503,1.0,0.878806,1,1,0,7.2086,0.178652,996,0
-7.21189,0.985325,0.878806,1,1,0,7.21938,0.164483,997,0
-7.35877,0.966053,0.878806,2,3,0,7.61074,0.145092,998,0
-7.15636,0.948592,0.878806,1,3,0,7.79704,0.294611,999,0
